model,train_mse,val_mse,test_mse,epochs_trained,stopped_early
fcn,0.05416960673118787,0.07367167807369429,0.07717638653516769,95,True
rnn,0.07254258803112319,0.08772527037539056,0.09721572564045589,88,True
lstm,0.02841725627653728,0.04070854896259244,0.053061180104811985,101,True
