{
  "mean": [
    0.002245092298835516,
    0.001999783096835017,
    0.0016908581601455808,
    0.001308100065216422,
    0.0008757829782553017,
    0.0003984438080806285,
    1.4754226867808029e-05,
    -0.0002514513907954097,
    -0.0004514512256719172,
    -0.00048499746480956674
  ],
  "std": [
    1.8762582540512085,
    1.8762246370315552,
    1.876139760017395,
    1.8759618997573853,
    1.875698208808899,
    1.8754018545150757,
    1.8751616477966309,
    1.8749445676803589,
    1.8747410774230957,
    1.8747063875198364
  ]
}